timestamp,elapsed,connected,messagesSent,messagesReceived,rateLimited,errors,reconnects,refreshes,latencyP50,latencyP95,latencyP99
1774212326124,5,4,0,0,0,0,0,0,0,0,0
1774212331125,10,8,0,0,0,0,0,0,0,0,0
1774212336126,15,12,1,9,0,0,0,0,172,172,172
1774212341126,20,16,6,81,0,0,0,0,70,172,172
1774212346127,25,20,12,192,0,0,0,0,76,172,172
1774212351128,30,25,20,371,0,0,0,0,89,169,172
1774212356129,35,29,30,639,0,0,0,0,90,207,217
1774212361131,40,32,39,918,0,0,0,0,99,227,301
1774212366131,45,32,48,1077,0,5,0,0,101,2436,3858
1774212371132,50,31,61,1124,0,10,1,0,103,3544,6350
1774212376134,55,31,68,1174,0,16,2,0,104,6350,7560
1774212381136,60,31,73,1206,0,24,2,0,104,7057,15532
1774212386138,65,30,77,1238,0,36,3,0,119,7560,17648
1774212391139,70,30,81,1270,0,49,4,0,119,15532,18481
1774212396139,75,31,87,1303,0,55,4,0,127,17648,24741
1774212401139,80,30,92,1303,0,61,5,0,127,17648,24741
1774212406141,85,29,96,1335,0,72,6,0,127,18481,28195
1774212411142,90,31,98,1373,0,87,7,0,127,24741,37391
1774212416144,95,31,99,1436,0,100,7,0,135,31673,39086
1774212421146,100,31,107,1568,0,121,7,0,154,45791,47741
1774212426147,105,33,117,1809,0,147,7,0,172,47516,48705
1774212431148,110,33,124,1844,0,155,7,0,186,47611,48705
1774212436150,115,33,132,1879,0,167,7,0,186,47611,48705
1774212441151,120,33,137,1949,0,179,7,0,199,48330,54464
1774212446154,125,34,148,2416,0,235,7,0,2436,52737,54720
1774212451155,130,34,155,2776,1,272,7,0,7560,52737,54720
1774212456156,135,34,164,2920,3,289,7,0,17648,52737,54720
1774212461156,140,33,170,3061,3,313,8,0,24741,52294,54464
1774212466157,145,34,178,3279,3,340,8,0,26556,52294,54464
1774212471158,150,34,185,3351,3,354,8,0,26643,52294,54464
1774212476158,155,35,198,3681,3,387,8,0,27274,52294,54464
1774212481160,160,36,207,4015,5,438,8,0,29388,50124,54464
1774212486162,165,37,215,4208,5,459,8,0,30398,50124,54464
1774212491164,170,38,218,4447,5,492,8,0,30697,50124,54464
1774212496166,175,37,222,4565,5,513,9,0,31222,48705,54464
1774212501167,180,37,225,4705,5,534,10,0,31673,48705,54464
1774212506167,185,38,226,4803,5,571,10,0,32498,49409,54464
1774212511169,190,39,228,5005,5,607,10,0,32733,50345,54464
1774212516169,195,39,230,5046,5,626,10,0,32880,52294,54464
1774212521171,200,40,236,5046,5,636,10,0,32880,52294,54464
1774212526171,205,40,238,5046,5,640,10,0,32880,52294,54464
1774212531173,210,41,244,5218,5,680,10,0,33951,54271,63689
1774212536174,215,41,244,5390,5,717,10,0,34501,54720,65221
1774212541174,220,41,251,5562,5,749,10,0,35959,63369,68538
1774212546175,225,42,253,5776,5,804,11,0,37090,66199,69830
1774212551177,230,42,259,5864,5,823,11,0,37391,68521,70090
1774212556178,235,42,260,5996,5,851,11,0,37518,69281,77297
1774212561179,240,41,263,6084,5,884,12,0,37570,69729,80962
1774212566179,245,42,267,6390,5,920,12,0,37873,79658,85716
1774212571180,250,43,271,6923,5,980,12,0,38260,82627,85716
1774212576180,255,43,283,7058,5,1009,12,0,38586,82627,85716
1774212581180,260,45,290,7523,5,1054,12,0,39086,82381,85710
1774212586181,265,44,298,8077,5,1108,14,0,42378,82275,85710
1774212591182,270,48,306,8586,7,1180,14,0,43274,82275,85710
1774212596184,275,48,309,8686,7,1186,14,0,43503,82275,85710
1774212601186,280,48,313,8686,7,1203,14,0,43503,82275,85710
1774212606186,285,48,314,8686,7,1211,14,0,43503,82275,85710
1774212611187,290,49,322,8788,7,1225,14,0,43581,82275,85710
1774212616189,295,50,330,8996,7,1245,14,0,43994,82275,85710
1774212621189,300,50,337,9099,7,1254,15,0,44024,81921,85710
1774212626190,305,51,344,10106,7,1360,15,0,45791,81698,85710
1774212631190,310,51,359,11007,48,1415,15,0,45699,81698,85710
1774212636189,315,51,370,12279,112,1491,15,0,43938,80947,84088
1774212641191,320,51,379,13339,162,1561,15,0,42647,80821,84088
1774212646190,325,51,394,14134,194,1618,15,0,41107,80821,84088
1774212651191,330,51,404,15300,238,1699,15,0,38991,79658,84088
1774212656191,335,51,413,16242,301,1752,15,0,37997,79090,84088
1774212661192,340,51,419,16943,306,1813,15,0,37518,78163,84088
1774212666194,345,51,430,17685,325,1868,15,0,35959,78103,83155
1774212671195,350,51,432,17791,325,1892,15,0,35903,78103,83155
1774212676197,355,51,436,18003,325,1922,16,0,34530,78103,83155
1774212681198,360,51,445,18480,325,1962,16,0,32880,78103,83155
1774212686200,365,51,449,18692,325,1989,16,0,32508,77523,83155
1774212691201,370,51,455,19008,325,2021,16,0,31673,77523,83155
1774212696202,375,51,465,19540,325,2065,16,0,30570,77523,83155
1774212701202,380,51,467,19646,325,2085,16,0,30398,77401,83155
1774212706205,385,51,473,19964,325,2127,16,0,29326,77401,83155
1774212711207,390,51,476,20123,325,2145,16,0,28677,77401,83155
1774212716209,395,51,483,20494,325,2183,16,0,27274,77401,83155
1774212721209,400,51,488,20759,325,2208,16,0,26918,77297,83155
1774212726211,405,51,491,20918,325,2235,16,0,26643,77297,83155
1774212731212,410,51,498,21289,325,2283,16,0,26428,77297,83155
1774212736211,415,50,505,21657,325,2310,17,0,25632,77297,83155
1774212741213,420,51,511,21978,325,2331,17,0,24361,76786,83155
1774212746214,425,51,518,22349,325,2365,17,0,23394,76786,83155
1774212751216,430,51,524,22667,325,2405,17,0,22281,76786,83155
1774212756215,435,51,529,22879,325,2430,17,0,21547,76020,83091
1774212761218,440,51,536,23303,325,2460,17,0,20500,76020,83091
1774212766219,445,50,545,23776,325,2487,18,0,18481,76020,83091
1774212771222,450,51,553,24203,325,2531,18,0,17648,72375,83091
1774212776223,455,51,563,24733,326,2560,18,0,16003,72375,83091
1774212781224,460,51,567,24945,327,2579,18,0,15817,71199,83091
1774212786227,465,51,578,25528,327,2607,18,0,15338,71199,83091
1774212791227,470,51,591,26164,327,2635,18,0,14372,70359,83091
1774212796226,475,51,599,26641,327,2652,18,0,13579,70359,83091
1774212801228,480,51,607,27065,327,2673,18,0,12934,70155,83091
1774212806229,485,51,616,27542,328,2699,18,0,12247,70155,83091
1774212811230,490,51,630,28284,329,2737,18,0,10710,70090,83090
1774212816231,495,51,632,28337,329,2749,18,0,10321,70090,83090
1774212821234,500,51,636,28602,329,2774,18,0,10133,70090,83090
1774212826234,505,51,647,29185,329,2796,18,0,8843,69833,83090
1774212831233,510,51,647,29185,329,2808,18,0,8843,69833,83090
1774212836234,515,51,652,29450,329,2826,18,0,8302,69833,83090
1774212841235,520,51,662,29980,329,2856,18,0,7057,69833,83090
1774212846237,525,51,667,30245,331,2873,18,0,6350,69830,83090
1774212851238,530,51,678,30828,331,2898,18,0,5502,69830,83090
1774212856239,535,51,690,31411,332,2922,18,0,5260,69729,83090
1774212861241,540,51,700,31994,334,2948,18,0,3858,69729,83090
1774212866240,545,51,715,32683,341,2971,18,0,1977,69460,83090
1774212871241,550,51,724,33213,343,2991,18,0,1335,69460,83090
1774212876240,555,51,737,33955,349,3020,18,0,872,69281,82828
1774212881241,560,51,746,34432,356,3046,18,0,799,69281,82828
1774212886242,565,51,752,34750,356,3064,18,0,747,68963,82828
1774212891242,570,51,760,35174,357,3077,18,0,648,68963,82828
1774212896243,575,51,771,35704,357,3096,18,0,564,68538,82828
1774212901242,580,51,781,36287,357,3129,18,0,470,68538,82828
1774212906244,585,51,789,36711,361,3144,18,0,448,68521,82828
1774212911245,590,51,805,37453,364,3188,18,0,427,68521,82828
1774212916247,595,51,807,37665,364,3208,18,0,419,67040,82828
1774212921248,600,51,816,38089,364,3230,18,0,408,67040,82828
1774212926247,605,51,826,38672,364,3252,18,0,397,67040,82828
1774212931247,610,51,836,39202,367,3275,18,0,392,66555,82726
1774212936250,615,51,841,39467,367,3299,18,0,364,66555,82726
1774212941252,620,51,843,39573,367,3311,18,0,358,66555,82726
1774212946253,625,51,849,39891,367,3336,18,0,352,66199,82726
1774212951254,630,51,857,40315,367,3364,18,0,344,66199,82726
1774212956256,635,50,868,40895,367,3378,19,0,343,65221,82726
1774212961257,640,51,876,41322,367,3403,19,0,340,65221,82726
1774212966258,645,51,884,41746,369,3424,19,0,331,65221,82726
1774212971259,650,51,894,42170,369,3439,19,0,329,64975,82726
1774212976258,655,51,906,42859,370,3464,19,0,322,64975,82726
1774212981259,660,51,908,43018,370,3472,19,0,322,64491,82726
1774212986260,665,51,920,43654,370,3484,19,0,315,64491,82726
1774212991262,670,51,931,44236,370,3495,19,0,308,64380,82627
1774212996264,675,51,943,44873,375,3512,19,0,308,64380,82627
1774213001265,680,51,951,45297,375,3520,19,0,303,64216,82627
1774213006266,685,51,961,45773,375,3532,19,0,298,64216,82627
1774213011266,690,51,969,46251,375,3550,19,0,290,64095,82627
1774213016266,695,51,980,46834,377,3564,19,0,290,64095,82627
1774213021266,700,51,988,47222,377,3581,19,0,283,64008,82627
1774213026268,705,51,1000,47894,383,3603,19,0,276,64008,82627
1774213031269,710,51,1014,48636,390,3620,19,0,276,63689,82627
1774213036269,715,51,1024,49113,391,3623,19,0,275,63689,82627
1774213041269,720,50,1036,49797,392,3633,20,0,270,63676,82381
1774213046271,725,51,1045,50279,392,3641,20,0,269,63676,82381
1774213051276,730,50,1055,50803,392,3649,21,0,264,63369,82381
1774213056276,735,51,1066,51392,392,3657,21,0,261,63369,82381
1774213061278,740,51,1077,51975,393,3663,21,0,255,63143,82381
1774213066279,745,51,1089,52611,401,3664,21,0,252,62789,82381
1774213071279,750,51,1101,53247,410,3667,21,0,250,62789,82381
1774213076281,755,51,1109,53671,415,3671,21,0,250,62311,82381
1774213081282,760,51,1116,54042,415,3676,21,0,249,62311,82381
1774213086282,765,51,1132,54837,415,3678,21,0,250,62255,82275
1774213091282,770,51,1141,55367,425,3678,21,0,249,62255,82275
1774213096282,775,51,1152,55950,428,3679,21,0,247,60883,82275
1774213101284,780,51,1163,56533,429,3679,21,0,243,60883,82275
1774213106284,785,51,1174,57069,430,3679,21,0,242,60202,82275
1774213111285,790,51,1186,57646,432,3679,21,0,241,60202,82275
1774213116285,795,51,1197,58335,439,3679,21,0,242,56129,82275
1774213121286,800,51,1208,58918,440,3679,23,2,240,56010,82275
1774213126288,805,51,1219,59501,443,3679,23,2,238,56010,82275
1774213131288,810,51,1233,60243,447,3679,23,2,236,55781,81921
1774213136289,815,51,1241,60667,448,3679,23,2,236,55781,81921
1774213141290,820,51,1252,61247,448,3679,25,4,234,55706,81921
1774213146289,825,50,1265,61934,453,3679,26,5,234,55706,81921
1774213151291,830,50,1274,62414,456,3679,27,6,234,55137,81921
1774213156291,835,49,1286,63047,458,3679,29,8,231,55137,81921
1774213161291,840,51,1298,63688,463,3679,29,8,230,54720,81921
1774213166291,845,49,1312,64309,473,3679,32,11,229,54464,81921
1774213171290,850,50,1322,64899,475,3679,33,13,229,54464,81921
1774213176292,855,49,1332,65482,475,3679,36,15,228,54319,81698
1774213181293,860,50,1342,66019,477,3679,37,16,227,54319,81698
1774213186293,865,50,1354,66655,479,3679,38,17,227,54271,81698
1774213191294,870,50,1366,67288,481,3679,39,18,225,54271,81698
1774213196318,875,49,1379,67961,484,3679,42,21,228,54169,81698
1774213201317,880,50,1391,68562,489,3679,44,23,228,53653,81698
1774213206320,885,49,1403,69192,499,3679,46,25,227,53653,81698
1774213211320,890,50,1411,69624,499,3679,48,27,225,53608,81698
1774213216321,895,50,1423,70309,501,3679,49,28,224,53608,81698
1774213221322,900,50,1436,70999,509,3679,50,29,223,53320,80962
1774213226323,905,49,1447,71578,513,3679,52,31,220,53234,80962
1774213231325,910,50,1458,72161,514,3679,53,32,220,53234,80962
1774213236325,915,50,1471,72847,516,3679,54,33,219,52737,80962
1774213241326,920,51,1485,73595,521,3679,54,33,217,52737,80962
1774213246328,925,50,1496,74175,524,3679,55,34,215,52695,80962
1774213251328,930,51,1506,74706,528,3679,56,35,214,52695,80962
1774213256329,935,51,1517,75289,528,3679,56,35,214,52542,80962
1774213261330,940,51,1529,75872,532,3679,56,35,213,52470,80947
1774213266330,945,51,1541,76561,533,3679,56,35,213,52470,80947
1774213271330,950,50,1555,77298,537,3679,58,37,213,52433,80947
1774213276332,955,51,1569,78045,552,3679,58,37,213,52294,80947
1774213281332,960,50,1579,78569,553,3679,59,38,210,52294,80947
1774213286333,965,51,1594,79370,566,3679,59,38,211,52233,80947
1774213291335,970,51,1604,79900,569,3679,59,38,210,52233,80947
1774213296336,975,51,1619,80695,570,3679,59,38,210,52174,80947
1774213301337,980,51,1631,81331,574,3679,59,38,211,52168,80821
1774213306337,985,51,1645,82072,579,3679,59,38,211,52168,80821
1774213311336,990,51,1656,82656,584,3679,59,38,209,52038,80821
1774213316336,995,49,1667,83235,589,3679,61,40,208,52035,80821
1774213321338,1000,51,1681,83968,594,3679,62,41,208,52035,80821
1774213326339,1005,51,1691,84445,601,3679,62,41,207,51860,80821
1774213331341,1010,51,1706,85293,603,3679,62,41,208,51860,80821
1774213336340,1015,51,1718,85876,614,3679,62,41,207,51816,80821
1774213341340,1020,51,1730,86512,621,3679,62,41,207,51586,79658
1774213346341,1025,51,1744,87254,624,3679,62,41,208,51586,79658
1774213351341,1030,51,1755,87890,626,3679,62,41,208,51535,79658
1774213356342,1035,51,1764,88367,627,3679,62,41,207,51535,79658
1774213361340,1040,51,1780,89215,633,3679,62,41,208,51343,79658
1774213366338,1045,51,1792,89851,642,3679,62,41,207,51174,79658
1774213371338,1050,51,1805,90540,654,3679,62,41,206,51174,79658
1774213376337,1055,51,1816,91123,661,3679,62,41,206,50941,79658
1774213381338,1060,51,1831,91918,662,3679,62,41,205,50907,79090
1774213386338,1065,50,1843,92500,664,3679,64,43,203,50907,79090
1774213391339,1070,51,1852,92970,668,3679,64,43,203,50883,79090
1774213396339,1075,51,1866,93765,670,3679,64,43,202,50883,79090
1774213401338,1080,49,1878,94344,675,3679,66,45,202,50587,79090
1774213406338,1085,51,1886,94826,677,3679,66,45,201,50587,79090
1774213411338,1090,50,1905,95558,680,3679,67,46,202,50345,79090
1774213416339,1095,51,1914,96310,692,3679,67,46,203,50262,79090
1774213421340,1100,51,1925,96893,700,3679,67,46,202,50262,79090
1774213426341,1105,50,1938,97581,700,3679,68,47,202,50124,78163
1774213431342,1110,51,1952,98324,716,3679,68,47,203,50032,78163
1774213436341,1115,50,1963,98902,723,3679,69,48,202,50032,78163
1774213441341,1120,50,1978,99648,727,3679,70,49,201,49673,78163
1774213446341,1125,51,1993,100497,729,3679,70,49,202,49507,78163
1774213451352,1130,51,2002,100974,730,3679,70,49,202,49507,78163
1774213456354,1135,50,2019,101819,732,3679,71,50,202,49409,78163
1774213461355,1140,51,2026,102246,736,3679,71,50,202,49409,78163
1774213466357,1145,51,2038,102882,738,3679,72,51,201,49341,78103
1774213471357,1150,51,2056,103783,748,3679,72,52,202,49194,78103
1774213476356,1155,51,2066,104313,751,3679,73,52,201,49194,78103
1774213481357,1160,51,2076,104896,752,3679,74,53,201,48772,78103
1774213486360,1165,51,2090,105638,762,3679,74,53,201,48721,78103
1774213491359,1170,51,2104,106380,770,3679,74,53,201,48721,78103
1774213496359,1175,51,2118,107069,783,3679,74,53,201,48705,78103
1774213501362,1180,51,2128,107652,788,3679,74,53,201,48703,77523
1774213506362,1185,51,2141,108341,792,3679,74,53,201,48703,77523
1774213511362,1190,51,2154,109030,796,3679,74,53,201,48647,77523
1774213516361,1195,51,2166,109613,801,3679,74,53,201,48647,77523
1774213521364,1200,50,2178,110299,806,3679,75,53,199,48331,77523
1774213526364,1205,51,2190,110938,810,3679,75,53,198,48330,77523
1774213531365,1210,51,2205,111733,820,3679,75,53,198,48330,77523
1774213536364,1215,51,2214,112210,823,3679,75,53,197,48329,77523
1774213541364,1220,51,2225,112793,827,3679,75,53,196,48329,77523
1774213546365,1225,51,2237,113429,828,3679,75,53,195,48300,77401
1774213551366,1230,51,2247,113959,828,3679,75,53,195,48223,77401
1774213556367,1235,51,2260,114648,832,3679,75,53,195,48223,77401
1774213561368,1240,51,2269,115125,832,3679,75,53,194,48181,77401
1774213566369,1245,51,2283,115867,832,3679,75,53,194,48181,77401
1774213571371,1250,51,2297,116609,840,3679,75,53,195,48113,77401
1774213576370,1255,51,2309,117228,844,3679,75,53,194,48060,77401
1774213581371,1260,51,2320,117828,847,3679,75,53,195,48060,77401
1774213586371,1265,51,2335,118623,855,3679,75,53,194,47977,77297
1774213591371,1270,51,2344,119100,856,3679,75,53,194,47977,77297
1774213596373,1275,51,2357,119736,856,3679,75,53,193,47962,77297
1774213601375,1280,51,2369,120425,859,3679,75,53,193,47814,77297
1774213606378,1285,51,2380,121008,863,3679,75,53,192,47814,77297
1774213611379,1290,51,2391,121591,867,3679,75,53,190,47741,77297
1774213616381,1295,51,2402,122174,871,3679,75,53,189,47741,77297
1774213621381,1300,51,2414,122809,873,3679,75,53,189,47611,77297
1774213626381,1305,51,2427,123441,873,3679,75,53,189,47611,77297
1774213631381,1310,51,2437,124025,875,3679,75,53,190,47530,76786
1774213636382,1315,51,2449,124612,875,3679,75,53,190,47516,76786
1774213641384,1320,51,2459,125195,878,3679,75,53,191,47516,76786
1774213646384,1325,51,2470,125725,880,3679,75,53,191,47367,76786
1774213651387,1330,51,2485,126520,884,3679,75,53,193,47367,76786
1774213656387,1335,51,2496,127102,891,3679,75,53,192,47054,76786
1774213661387,1340,51,2507,127739,893,3679,75,53,192,46933,76786
1774213666388,1345,51,2519,128375,895,3679,75,53,190,46933,76786
1774213671388,1350,50,2532,129062,904,3679,76,53,190,46832,76020
1774213676389,1355,51,2546,129805,919,3679,76,53,190,46832,76020
1774213681388,1360,51,2555,130282,925,3679,76,53,190,46791,76020
1774213686390,1365,51,2568,130971,930,3679,76,53,189,46468,76020
1774213691390,1370,51,2579,131553,931,3679,76,53,188,46468,76020
1774213696390,1375,51,2589,132084,933,3679,77,53,188,46405,76020
1774213701392,1380,51,2601,132720,934,3679,77,53,188,46405,76020
1774213706393,1385,51,2614,133356,937,3679,77,53,189,46280,76020
1774213711395,1390,51,2622,133833,939,3679,77,53,187,46280,76020
1774213716396,1395,51,2634,134416,943,3679,77,53,186,46262,72375
1774213721398,1400,51,2644,134999,943,3679,77,53,186,46262,72375
1774213726400,1405,51,2653,135476,944,3679,77,53,186,46220,72375
1774213731400,1410,51,2667,136218,945,3679,77,53,185,46220,72375
1774213736399,1415,51,2678,136801,952,3679,77,53,185,46164,72375
1774213741401,1420,51,2687,137278,952,3679,77,53,184,46164,72375
1774213746402,1425,51,2702,138020,954,3679,77,53,184,46023,72375
1774213751403,1430,51,2708,138391,960,3679,77,53,183,45866,72375
1774213756404,1435,51,2722,139080,963,3679,77,53,183,45866,72375
1774213761405,1440,51,2734,139769,967,3679,77,53,183,45860,71199
1774213766404,1445,51,2744,140297,967,3679,77,53,182,45860,71199
1774213771406,1450,51,2756,140935,967,3679,77,53,183,45791,71199
1774213776408,1455,51,2766,141465,971,3679,77,53,182,45791,71199
1774213781410,1460,51,2780,142207,972,3679,77,53,183,45787,71199
1774213786410,1465,51,2790,142737,976,3679,77,53,182,45699,71199
1774213791421,1470,51,2800,143267,978,3679,77,53,182,45699,71199
1774213796421,1475,51,2809,143744,978,3679,77,53,182,45683,71199
1774213801421,1480,50,2825,144534,980,3679,78,53,182,45683,71199
1774213806421,1485,51,2837,145229,988,3679,78,53,182,45377,70359
1774213811422,1490,51,2846,145706,995,3679,78,53,182,45377,70359
1774213816424,1495,51,2857,146289,996,3679,78,53,181,45329,70359
1774213821426,1500,51,2868,146872,996,3679,78,53,181,44950,70359
1774213826427,1505,51,2877,147349,997,3679,78,53,181,44950,70359
1774213831429,1510,51,2892,148144,997,3679,78,53,181,44930,70359
1774213836431,1515,51,2900,148568,1002,3679,78,53,181,44930,70359
1774213841432,1520,51,2911,149151,1005,3679,78,53,181,44778,70359
1774213846432,1525,51,2923,149733,1008,3679,78,53,180,44778,70359
1774213851432,1530,51,2932,150264,1009,3679,78,53,180,44748,70155
1774213856433,1535,51,2942,150794,1010,3679,78,53,180,44748,70155
1774213861433,1540,51,2955,151483,1011,3679,78,53,180,44551,70155
1774213866435,1545,51,2962,151854,1013,3679,78,53,179,44551,70155
1774213871434,1550,51,2973,152437,1013,3679,78,53,179,44518,70155
1774213876435,1555,51,2983,152967,1014,3679,78,53,179,44518,70155
1774213881438,1560,51,2994,153550,1018,3679,78,53,179,44024,70155
1774213886440,1565,51,3008,154292,1023,3679,78,53,179,43994,70155
1774213891441,1570,51,3018,154822,1026,3679,78,53,179,43994,70155
1774213896442,1575,51,3033,155617,1029,3679,78,53,179,43938,70090
1774213901443,1580,51,3040,155988,1029,3679,78,53,179,43938,70090
1774213906444,1585,51,3052,156624,1029,3679,78,53,178,43863,70090
1774213911444,1590,51,3065,157260,1033,3679,78,53,178,43863,70090
1774213916445,1595,51,3074,157791,1035,3679,79,53,177,43581,70090
1774213921446,1600,51,3087,158427,1036,3679,79,53,178,43581,70090
1774213926448,1605,51,3096,158957,1039,3679,79,53,178,43503,70090
1774213931447,1610,51,3104,159328,1041,3679,79,53,178,43503,70090
1774213936447,1615,50,3115,159961,1043,3679,80,54,178,43306,70090
1774213941450,1620,51,3121,160283,1047,3679,80,54,177,43306,70090
1774213946449,1625,49,3135,161013,1047,3679,82,55,177,43274,69833
1774213951449,1630,51,3146,161509,1047,3679,83,56,177,43274,69833
1774213956449,1635,51,3154,162033,1051,3679,83,56,176,43052,69833
1774213961450,1640,51,3166,162616,1051,3679,83,56,176,43052,69833
1774213966450,1645,50,3174,163038,1052,3679,84,57,175,42951,69833
1774213971451,1650,49,3185,163666,1052,3679,87,60,175,42951,69833
1774213976450,1655,50,3194,164149,1054,3679,89,62,175,42898,69833
1774213981452,1660,50,3203,164628,1054,3679,90,63,174,42898,69833
1774213986454,1665,51,3213,165160,1054,3679,91,64,174,42876,69833
1774213991456,1670,51,3221,165583,1054,3679,91,64,173,42876,69833
1774213996456,1675,51,3235,166273,1055,3679,91,64,174,42647,69830
1774214001456,1680,50,3246,166856,1057,3679,93,66,173,42647,69830
1774214006456,1685,51,3255,167333,1058,3679,93,67,173,42407,69830
1774214011458,1690,50,3264,167861,1059,3679,95,68,173,42407,69830
1774214016459,1695,51,3273,168340,1059,3679,95,68,172,42378,69830
1774214021460,1700,51,3284,168817,1059,3679,95,68,172,42378,69830
1774214026462,1705,49,3294,169447,1061,3679,98,71,172,42287,69830
1774214031465,1710,48,3303,169921,1062,3679,101,74,172,42287,69830
1774214036465,1715,50,3316,170612,1063,3679,103,76,172,42239,69830
1774214041465,1720,50,3324,171035,1068,3679,104,77,171,42239,69830
1774214046466,1725,49,3333,171512,1068,3679,106,79,171,41853,69729
1774214051466,1730,51,3344,172102,1068,3679,107,80,171,41853,69729
1774214056466,1735,51,3351,172420,1068,3679,107,80,171,41427,69729
1774214061467,1740,50,3363,173056,1068,3679,109,82,171,41427,69729
1774214066468,1745,51,3373,173640,1068,3679,111,84,171,41376,69729
1774214071470,1750,51,3382,174117,1068,3679,111,84,170,41376,69729
1774214076473,1755,48,3391,174587,1068,3679,114,87,170,41107,69729
1774214081474,1760,51,3405,175283,1069,3679,114,87,170,41107,69729
1774214086474,1765,50,3413,175757,1071,3679,115,88,170,41086,69729
1774214091476,1770,50,3423,176233,1072,3679,117,90,170,41086,69729
1774214096476,1775,50,3429,176605,1072,3679,118,91,169,40053,69460
1774214101475,1780,51,3439,177085,1072,3679,118,91,169,40053,69460
1774214106478,1785,51,3449,177668,1072,3679,118,91,169,39940,69460
1774214111479,1790,51,3458,178145,1074,3679,118,91,169,39940,69460
1774214116479,1795,51,3469,178728,1074,3679,118,91,168,39767,69460
1774214121478,1800,51,3479,179205,1075,3679,118,91,168,39767,69460
1774214126478,1805,51,3488,179735,1075,3679,118,91,168,39528,69460
1774214131479,1810,50,3499,180309,1077,3679,119,91,168,39528,69460
1774214136479,1815,51,3508,180795,1080,3679,119,91,167,39397,69460
1774214141481,1820,51,3516,181219,1081,3679,119,91,167,39397,69460
1774214146481,1825,51,3524,181643,1081,3679,119,91,167,39397,69460
1774214151482,1830,51,3533,182120,1081,3679,120,91,167,39228,69281
1774214156483,1835,51,3542,182597,1081,3679,120,91,167,39228,69281
1774214161482,1840,51,3551,183074,1081,3679,120,91,166,39086,69281
1774214166484,1845,51,3559,183498,1081,3679,120,91,165,39086,69281
1774214171485,1850,51,3569,184028,1083,3679,120,91,165,39083,69281
1774214176485,1855,50,3578,184500,1083,3679,121,92,164,39083,69281
1774214181486,1860,51,3586,184929,1083,3679,121,92,163,39083,69281
1774214186487,1865,51,3595,185406,1083,3679,121,92,163,39019,69281
1774214191486,1870,51,3604,185883,1086,3679,121,92,162,39019,69281
1774214196486,1875,51,3615,186466,1086,3679,122,93,162,38991,69281
1774214201487,1880,51,3624,186943,1086,3679,122,93,161,38991,69281
1774214206488,1885,51,3634,187473,1087,3679,122,93,161,38955,68963
1774214211489,1890,51,3642,187896,1087,3679,123,94,161,38955,68963
1774214216488,1895,50,3652,188370,1087,3679,125,96,161,38688,68963
1774214221488,1900,51,3661,188902,1087,3679,125,96,161,38688,68963
1774214226488,1905,51,3668,189220,1087,3679,125,96,160,38688,68963
1774214231490,1910,51,3677,189697,1087,3679,125,96,160,38586,68963
1774214236490,1915,51,3686,190227,1087,3679,126,97,160,38586,68963
1774214241491,1920,50,3694,190650,1087,3679,127,98,160,38558,68963
1774214246492,1925,51,3703,191128,1089,3679,127,98,160,38558,68963
1774214251492,1930,51,3715,191764,1089,3679,128,99,160,38260,68963
1774214256493,1935,51,3721,192082,1089,3679,129,100,159,38260,68963
1774214261494,1940,51,3733,192718,1091,3679,129,100,159,38182,68538
1774214266495,1945,51,3739,193036,1091,3679,129,100,158,38182,68538
1774214271495,1950,50,3749,193565,1091,3679,130,101,158,38156,68538
1774214276495,1955,51,3756,193937,1091,3679,130,101,158,38156,68538
1774214281495,1960,51,3765,194414,1091,3679,130,101,157,38156,68538
1774214286496,1965,51,3774,194891,1091,3679,130,101,157,38125,68538
1774214291496,1970,51,3782,195315,1091,3679,130,101,157,38125,68538
1774214296497,1975,51,3792,195845,1091,3679,130,101,157,37997,68538
1774214301497,1980,51,3801,196322,1091,3679,130,101,156,37997,68538
1774214306497,1985,51,3810,196799,1091,3679,130,101,156,37950,68538
1774214311497,1990,51,3820,197328,1092,3679,130,101,156,37950,68538
1774214316499,1995,50,3828,197749,1092,3679,132,102,156,37950,68538
1774214321500,2000,51,3837,198177,1092,3679,134,104,156,37873,68521
1774214326500,2005,50,3847,198652,1092,3679,135,105,155,37873,68521
1774214331500,2010,51,3856,199184,1093,3679,135,105,155,37797,68521
1774214336501,2015,51,3863,199608,1093,3679,136,106,155,37797,68521
1774214341501,2020,51,3872,200032,1093,3679,136,106,154,37587,68521
1774214346500,2025,51,3880,200456,1093,3679,136,106,154,37587,68521
1774214351501,2030,51,3888,200933,1093,3679,136,106,154,37570,68521
1774214356501,2035,51,3897,201410,1093,3679,136,106,154,37570,68521
1774214361501,2040,51,3905,201834,1095,3679,136,106,154,37570,68521
1774214366501,2045,51,3913,202258,1095,3679,136,106,154,37518,68521
1774214371503,2050,51,3921,202682,1095,3679,136,106,154,37518,68521
1774214376503,2055,51,3930,203159,1095,3679,136,106,153,37486,67040
1774214381502,2060,51,3939,203636,1095,3679,136,106,153,37486,67040
1774214386502,2065,51,3946,204007,1095,3679,136,106,153,37486,67040
1774214391504,2070,51,3953,204378,1095,3679,136,106,152,37391,67040
1774214396503,2075,51,3965,204969,1095,3679,136,106,152,37391,67040
1774214401504,2080,51,3974,205491,1096,3679,136,106,152,37090,67040
1774214406506,2085,51,3981,205862,1097,3679,136,106,152,37090,67040
1774214411507,2090,51,3989,206286,1097,3679,136,106,151,36856,67040
1774214416509,2095,51,3999,206816,1097,3679,136,106,151,36856,67040
1774214421508,2100,51,4006,207187,1097,3679,136,106,151,36856,67040
1774214426509,2105,51,4014,207558,1097,3679,136,106,151,36609,67040
1774214431509,2110,51,4022,208035,1097,3679,136,106,151,36609,67040
1774214436508,2115,51,4032,208459,1099,3679,136,106,151,36264,66555
1774214441510,2120,51,4040,208989,1099,3679,136,106,150,36264,66555
1774214446511,2125,51,4051,209572,1100,3679,136,106,150,35959,66555
1774214451511,2130,51,4060,210049,1100,3679,136,106,150,35959,66555
1774214456512,2135,51,4067,210367,1100,3679,136,106,149,35959,66555
1774214461512,2140,51,4077,210950,1100,3679,136,106,149,35903,66555
1774214466512,2145,51,4083,211268,1100,3679,136,106,149,35903,66555
1774214471512,2150,51,4092,211745,1100,3679,136,106,149,34726,66555
1774214476512,2155,51,4102,212275,1100,3679,136,106,149,34726,66555
1774214481512,2160,51,4108,212593,1100,3679,136,106,149,34530,66555
1774214486512,2165,51,4118,213123,1100,3679,136,106,148,34530,66555
1774214491512,2170,51,4125,213493,1100,3679,136,106,148,34530,66555
1774214496513,2175,51,4134,213971,1102,3679,136,106,148,34501,66199
1774214501513,2180,51,4144,214448,1102,3679,136,106,148,34501,66199
1774214506514,2185,51,4152,214925,1106,3679,136,106,148,34447,66199
1774214511515,2190,51,4162,215455,1107,3679,136,106,147,34447,66199
1774214516516,2195,51,4169,215826,1107,3679,136,106,147,33951,66199
1774214521517,2200,51,4178,216303,1107,3679,136,106,147,33951,66199
1774214526517,2205,51,4188,216833,1108,3679,136,106,147,33064,66199
1774214531517,2210,51,4196,217257,1109,3679,136,106,146,33064,66199
1774214536517,2215,51,4205,217734,1109,3679,136,106,146,33064,66199
1774214541518,2220,51,4212,218105,1109,3679,136,106,146,32880,66199
1774214546519,2225,51,4221,218582,1109,3679,136,106,146,32880,66199
1774214551519,2230,51,4229,219006,1109,3679,136,106,146,32733,65221
1774214556519,2235,51,4235,219324,1109,3679,136,106,146,32733,65221
1774214561518,2240,51,4246,219907,1109,3679,136,106,146,32733,65221
1774214566519,2245,51,4252,220225,1109,3679,136,106,145,32508,65221
1774214571521,2250,51,4258,220543,1109,3679,136,106,145,32508,65221
1774214576521,2255,51,4270,221178,1109,3679,136,106,145,32498,65221
1774214581521,2260,51,4277,221550,1110,3679,136,106,145,32498,65221
1774214586522,2265,51,4285,221974,1110,3679,136,106,145,32498,65221
1774214591523,2270,51,4298,222663,1111,3679,136,106,145,31944,65221
1774214596524,2275,51,4304,222981,1111,3679,136,106,145,31944,65221
1774214601524,2280,51,4315,223564,1111,3679,136,106,144,31673,65221
1774214606525,2285,51,4323,223988,1112,3679,136,106,144,31673,65221
1774214611525,2290,51,4333,224465,1112,3679,136,106,144,31222,64975
1774214616526,2295,51,4341,224942,1114,3679,136,106,144,31222,64975
1774214621527,2300,51,4348,225313,1114,3679,136,106,143,31203,64975
1774214626527,2305,51,4358,225790,1114,3679,136,106,143,31203,64975
1774214631526,2310,51,4365,226214,1114,3679,136,106,143,31203,64975
1774214636528,2315,51,4374,226691,1114,3679,136,106,143,30697,64975
1774214641528,2320,51,4383,227168,1114,3679,136,106,143,30697,64975
1774214646529,2325,51,4393,227592,1114,3679,136,106,143,30623,64975
1774214651529,2330,51,4403,228228,1114,3679,136,106,143,30623,64975
1774214656529,2335,51,4410,228546,1114,3679,136,106,143,30570,64975
1774214661530,2340,51,4417,228970,1114,3679,136,106,143,30570,64975
1774214666531,2345,51,4424,229341,1114,3679,136,106,142,30570,64975
1774214671532,2350,50,4435,229916,1114,3679,137,106,142,30398,64491
1774214676532,2355,51,4443,230347,1114,3679,137,106,142,30398,64491
1774214681533,2360,51,4449,230666,1115,3679,137,106,142,30005,64491
1774214686533,2365,51,4462,231355,1115,3679,137,106,142,30005,64491
1774214691534,2370,51,4466,231567,1115,3679,137,106,142,30005,64491
1774214696535,2375,51,4475,232044,1115,3679,137,106,142,29388,64491
1774214701535,2380,51,4485,232574,1115,3679,137,106,142,29388,64491
1774214706535,2385,51,4489,232786,1115,3679,137,106,142,29326,64491
1774214711536,2390,51,4498,233263,1115,3679,137,106,142,29326,64491
1774214716537,2395,51,4505,233634,1115,3679,137,106,142,29326,64491
1774214721537,2400,50,4514,234110,1115,3679,138,107,141,28677,64491
1774214726538,2405,51,4522,234535,1115,3679,138,107,141,28677,64491
1774214731538,2410,51,4531,235012,1115,3679,138,107,141,28195,64380
1774214736538,2415,51,4541,235542,1117,3679,139,108,141,28195,64380
1774214741539,2420,51,4552,236125,1119,3679,139,108,141,28030,64380
1774214746539,2425,51,4557,236390,1119,3679,139,108,141,28030,64380
1774214751540,2430,51,4566,236867,1119,3679,139,108,141,28030,64380
1774214756541,2435,51,4575,237344,1119,3679,139,108,141,27526,64380
1774214761541,2440,51,4584,237821,1119,3679,139,108,140,27526,64380
1774214766542,2445,51,4590,238139,1119,3679,139,108,140,27274,64380
1774214771542,2450,51,4599,238616,1119,3679,139,108,140,27274,64380
1774214776542,2455,51,4605,238934,1119,3679,139,108,140,27274,64380
1774214781543,2460,51,4614,239411,1120,3679,139,108,139,27019,64380
1774214786543,2465,50,4621,239780,1120,3679,140,109,139,27019,64380
1774214791543,2470,50,4631,240304,1120,3679,141,110,139,26918,64216
1774214796544,2475,51,4639,240736,1120,3679,141,110,139,26918,64216
1774214801545,2480,51,4645,241054,1120,3679,141,110,139,26918,64216
1774214806546,2485,51,4653,241478,1120,3679,141,110,139,26898,64216
1774214811546,2490,51,4663,242008,1120,3679,141,110,139,26898,64216
1774214816546,2495,50,4671,242425,1120,3679,142,111,139,26643,64216
1774214821548,2500,49,4677,242744,1121,3679,145,114,138,26643,64216
1774214826547,2505,50,4686,243224,1121,3679,146,115,138,26643,64216
1774214831548,2510,51,4695,243703,1121,3679,146,115,138,26556,64216
1774214836549,2515,51,4703,244127,1121,3679,150,119,138,26556,64216
1774214841549,2520,50,4712,244596,1121,3679,153,122,138,26552,64216
1774214846550,2525,50,4720,245026,1121,3679,154,123,138,26552,64216
1774214851550,2530,51,4727,245398,1122,3679,154,123,138,26552,64216
1774214856551,2535,50,4733,245715,1122,3679,155,124,137,26428,64095
1774214861552,2540,50,4743,246240,1122,3679,157,126,137,26428,64095
1774214866551,2545,50,4753,246721,1122,3679,159,128,137,26342,64095
1774214871552,2550,51,4762,247253,1123,3679,159,128,137,26342,64095
1774214876552,2555,50,4771,247729,1124,3679,160,129,137,26333,64095
1774214881553,2560,51,4781,248260,1124,3679,161,130,137,26333,64095
1774214886554,2565,51,4787,248525,1124,3679,162,131,136,26333,64095
